{
  "update": {
    "start": 1661499008544,
    "end": 1661499009530,
    "average": 65.73333333333333
  },
  "transfer": {
    "start": 1661499058900,
    "end": 1661499059908,
    "average": 67.2
  },
  "receiver": {
    "start": 1661499126119,
    "end": 1661499222685,
    "average": 6437.733333333334
  },
  "renewal": {
    "start": 1661499281493,
    "end": 1661499325545,
    "average": 2936.8
  },
  "create": {
    "start": 1661500614158,
    "end": 1661500615297,
    "average": 75.93333333333334
  },
  "commit": {
    "start": 1661500671939,
    "end": 1661500801643,
    "average": 6485.2
  },
  "reveal": {
    "start": 1661500460327,
    "end": 1661500472061,
    "average": 586.7
  },
  "finalize": {
    "start": 1661500550875,
    "end": 1661500551713,
    "average": 55.86666666666667
  }
}